name,area sq km,population 2018,density per sq km
Hong Kong,1082.6,7451000,6882.505080362092
Macau,30.3,653100,21554.455445544554
